x,y,c
-1.80704347968,-1.59932732882,0
5.01393401459,-1.26112581329,1
-4.1586724347,-1.21845390774,4
5.10524391026,0.262120853112,1
-2.15264594522,-1.54850561895,0
5.1242532078,0.190902658734,1
-4.14450663366,-1.25018114249,4
-2.20088407693,0.173608406614,3
5.26257872573,0.253020959146,1
-1.64101835078,1.26638884426,3
-2.16969592636,0.404875365253,3
-2.31687098461,1.18336143431,3
-1.87376312649,-0.955714402341,0
-2.20441320385,1.83629016035,3
-1.61344161021,-1.64864435777,0
4.41704123464,-0.0754783775742,1
-1.23027431896,0.776495907453,3
-2.06065919746,0.566125913764,3
-1.6123937548,-0.830366267797,0
4.97501047823,0.0485566656358,1
4.9203484135,-0.100932596289,1
-1.72246273305,1.0834422503,3
-1.5101025139,-0.877340245423,0
4.89579663964,-0.228394232944,1
-2.40469753399,0.283218301498,3
4.8696851436,-0.463315889308,1
-2.22736880157,0.796848149006,3
5.15170258223,0.0081654233556,1
-2.4588527129,1.17019733523,3
-4.28476722607,-1.24527756966,4
-2.03157174819,0.93950491112,3
-1.3714035824,1.84691206659,3
-2.40082888756,0.931085411796,3
-5.24399863862,1.29482125442,2
-5.38621497019,1.46053695342,2
4.82490290606,-0.324258042416,1
-1.97519659454,-1.45155535322,0
5.0784531388,0.192095297655,1
-1.56461131795,0.486083961362,3
4.65412907054,-0.814208701564,1
-3.54549426818,0.348783279524,4
-1.83243127181,-0.893215111421,0
-2.36874663973,0.560879951337,3
-4.3104163952,-1.18288806138,4
-2.33202858482,0.966205463571,3
-1.49859465452,0.622571830692,3
4.84917934716,-0.351546483432,1
5.12682669495,0.394495649373,1
-2.49412061297,0.406538034557,3
-4.15306217609,-1.22598755801,4
5.34849633583,0.288212151653,1
-3.90458389059,-0.73543217681,4
-1.62552862879,1.40573659186,3
-0.751549319971,-1.86538932708,0
-1.65756006494,-1.53850961534,0
-2.36629967716,0.779242738161,3
4.80965454776,-0.491372170782,1
-2.37743898535,-1.36766722065,0
-1.99249567826,-0.865789820369,0
-1.77290919847,-0.480311088876,0
-1.44606754589,-0.899005932869,0
-2.44304067915,0.738865170893,3
-1.54721224608,1.48652171332,3
-1.84399094738,-0.899036584261,0
4.64683545262,-0.711729493334,1
-2.28566913769,-1.42376490338,0
-4.11657271635,-1.30014757635,4
-1.96829515731,-1.25164636034,0
4.69297812778,-0.490739047347,1
-2.88020947182,0.106451914248,4
5.23188120294,-0.0768312063963,1
-2.11583006051,-1.15384638061,0
-4.4580086541,-1.1912640703,4
-1.60522786471,0.401448097972,3
-1.89793488331,-0.634950678374,0
-1.25086061581,-1.38692494314,0
4.82049969851,-0.015264443306,1
-1.97151827294,1.05532272534,3
-2.84163875022,0.633312055905,3
-1.47362497719,-0.409935933335,0
4.65091124664,-0.676429810693,1
-4.44707082893,-1.1842885124,4
5.40090791531,0.233249643949,1
-2.14138474219,-1.33175141449,0
5.3696218643,-0.0893285835496,1
-1.18579833852,2.59322886021,3
5.08106811609,0.0712745895281,1
-1.66767887765,-1.20510525601,0
-4.31500866231,-1.11960531396,4
-2.51395291116,0.884498872354,3
-0.375728080163,2.82003725001,3
-2.53057127497,0.592092429752,3
-2.2468124997,1.39442790034,3
-1.8296803364,0.196897240547,3
4.37641921176,-1.07618227306,1
-1.04089317608,0.659315474925,3
5.10121147338,-0.044537638046,1
-1.81912968729,0.781559809818,3
4.88363002045,-0.325421963394,1
3.32889040038,-0.761418967738,1
-1.4738568903,1.47313261729,3
-2.06203630176,0.506562495732,3
-4.27352540896,-1.19917662805,4
-1.82754629881,-0.481050606039,0
5.7676489593,1.50752256004,1
5.14676801835,0.0230035541861,1
-2.00710612563,-1.41153692318,0
-1.35045912333,-1.50930746883,0
5.25421977847,-0.191971105728,1
-2.34150674146,-1.44685730907,0
5.08715438302,0.0195231909422,1
5.24718326626,0.239693073208,1
5.20969595518,0.11910036991,1
-4.13337453849,-1.24248860348,4
-2.00209340571,0.170507406635,3
5.11681088433,0.384373024337,1
-5.28848689789,1.33838326486,2
5.05696532325,0.266568293871,1
-2.27449935175,0.413811257715,3
-1.87825151171,1.25926474414,3
-4.37084140413,-1.22927474033,4
-1.87542583874,1.34623957471,3
-1.78700930509,-1.54215693959,0
-2.23263544731,0.78438728777,3
-1.69426678077,0.918069260759,3
5.22243792802,0.0026692199511,1
-1.94703520278,0.192260659744,3
-0.362846588708,2.98167754245,3
-2.13611703607,0.368004777966,3
-1.08492870066,1.04811913989,3
5.11879680031,0.0749649569932,1
-4.1864635525,-1.12715128521,4
-1.22949384724,1.08297909444,3
5.04370822825,0.0556597254322,1
-0.858431061368,2.57622875924,3
-1.82341486817,0.840681246048,3
-1.71514883441,-0.845872855403,0
5.27210161261,0.0517644895191,1
-5.60234270144,1.51091646895,2
-1.5876508837,1.01156956884,3
-1.18084142453,-1.71316120229,0
5.0076636972,-0.0654329926843,1
-2.32970736697,0.280335066934,3
-2.26337120684,-0.72308473807,0
-2.72264097034,0.571871138401,3
-3.03577425378,-0.337018641951,4
-3.02202564078,-0.298644050322,4
-1.24509666422,-1.81499091683,0
-1.99747929492,0.673963787997,3
4.92830483099,-0.0444789558887,1
-1.96611342796,1.3430685472,3
-2.49984057471,-0.854123006349,0
-5.54275719487,1.42320232509,2
4.88341378943,-0.162298294785,1
-4.0054025046,-1.283701964,4
-5.54198031945,1.47356141895,2
5.08662723488,0.14919147558,1
-5.28797514304,1.3010351493,2
-3.98532809266,-1.31767960362,4
5.23487250674,0.0329741876275,1
5.20624297302,-0.0171702910444,1
5.09991040677,-0.25835201202,1
5.16596757121,0.0873061970076,1
-1.81423114845,-1.15317687745,0
-1.88695191272,-0.622941342335,0
4.79955479247,0.0819719185644,1
-2.12626540585,1.18315034973,3
-4.51586791403,-1.1474373955,4
-4.38947027827,-1.22721889613,4
-0.882501064353,2.59125923681,3
-1.88485095793,0.191078835596,3
-1.44304411086,1.67209254125,3
-1.90606538023,0.398285811141,3
-1.92055988629,0.343684734828,3
-5.26213557663,1.30835018968,2
4.94800922774,-0.194312799668,1
-1.72960161974,1.01471077669,3
5.49017383864,1.41544961468,1
-2.07154782746,0.202096817816,3
5.23847189237,0.00270254286615,1
-1.5286217453,1.21585846839,3
-2.0639796246,1.67380209409,3
-0.41289162669,2.98199460027,3
5.15151126217,0.432173353251,1
-1.75546546616,-1.18516725581,0
4.52484339504,-0.824074970093,1
-1.87575860678,-0.268065671676,0
-2.57905027777,1.06068374781,3
-2.09762995374,0.218621927588,3
-4.46291867204,-1.28202154777,4
-1.85561111491,-1.43371273297,0
-1.72655610815,-0.83736203268,0
-4.31601223535,-1.26423915219,4
-1.97924210051,0.0883985538039,3
4.8808653464,-0.187679904638,1
5.52424141545,1.48642502721,1
-5.40907775924,1.45199118772,2
3.63542718682,1.63110285986,1
-2.61672566375,1.03352666068,3
4.49014016139,-0.892633657089,1
-1.72407996786,-0.976691224529,0
-5.20295022324,1.21636936255,2
5.1987802191,-0.171437381057,1
-1.58266205338,-1.54669937898,0
5.53616983357,1.3813144557,1
-1.49528816454,1.41192094734,3
5.17707753942,0.0959904869056,1
-1.93499331826,1.52808675452,3
5.00140701472,-0.0951096054524,1
5.26044232028,0.238489521452,1
-1.7852689119,1.96272926923,3
-1.95609495686,1.14061857019,3
5.00984083726,-0.0239239399713,1
-2.80968627211,0.175100862057,4
5.0321232021,-0.0513843340072,1
-1.85134445014,-0.477674715738,0
5.16267372193,0.0360888844555,1
-1.92921253078,-0.791782016394,0
5.13130777672,0.138023371371,1
-1.67818081055,0.967241473075,3
-4.3201036761,-1.10742071724,4
-5.05228838184,1.2519858873,2
-2.07836087499,0.212557486681,3
5.40046926243,-0.0306716192683,1
5.12304497164,0.0895399956798,1
-3.02735636593,-0.30255252283,4
-1.70685006513,0.0545085425146,0
-5.62243861338,1.46502599735,2
5.28385697503,0.05708837295,1
5.06839699095,0.336852746478,1
-4.36383540355,-1.20241256452,4
-1.36340581138,1.79082462657,3
-5.55507764811,1.17365535218,2
-2.05815710776,0.250049535496,3
4.99901898633,0.311134462402,1
-1.68087644689,-0.617752550961,0
5.4107037583,-0.0402194877127,1
5.36628305335,-0.258107359105,1
-1.13021060324,1.98923305533,3
4.99531349632,-0.0227603087143,1
-2.14319183324,-1.49022843367,0
4.9912743196,-0.0305892670201,1
-2.11011707105,0.915790052318,3
4.75548440706,-0.0530364831746,1
-2.58093481288,0.465689667787,3
-2.19066178143,-1.21016713675,0
-1.91873344585,-0.938381108896,0
5.1258931126,0.0399524829062,1
-1.97562964017,1.68229736247,3
4.54599578659,-0.799702122873,1
-1.28519846871,-1.27238975962,0
-1.39078535749,1.15591065545,3
-5.47470387319,1.48897791391,2
5.12810997883,0.0377385093747,1
-1.71343848669,0.912723185072,3
-1.79698610521,-1.51303479168,0
-1.64101945259,-0.283327576789,0
-1.75286318788,1.62813424154,3
-5.72530812141,1.46505301619,2
-1.92581662235,-1.29789464994,0
-4.19701996449,-1.26851481988,4
-2.29927576983,0.663984794457,3
-1.8631866211,-1.18526992689,0
5.02634269222,0.00803736215329,1
-1.40108896168,-1.59305130115,0
-0.910621172502,-1.82536929956,0
4.75788407853,0.0848008058319,1
-3.07801744286,-0.331597158801,4
5.22549936805,-0.078929434759,1
5.04804414494,-0.116598233652,1
5.2138058213,0.0663800701239,1
-5.06919028829,1.24624128364,2
-1.26159255295,2.41060359655,3
-1.49286457513,1.51574499415,3
-1.22143255755,-1.88321364414,0
-0.721258482755,2.83898826779,3
-1.59551866809,-1.04926940991,0
-4.22077687362,-1.30289060727,4
-1.63482143119,-1.24699381326,0
-5.23952229025,1.43082992846,2
-2.22641054954,-0.653861559662,0
-1.32413249165,-1.79772965306,0
5.3304448726,-0.00511370995666,1
-1.72254083991,-1.54750527626,0
5.00773776688,-0.160311829455,1
-0.414236647481,2.92805700117,3
4.50007691601,0.133316156149,1
-2.1169322383,1.08204554877,3
5.26867575167,0.0412256870775,1
-0.969308589622,-1.40306199419,0
-1.50774669767,1.04403947737,3
-3.88271473916,-1.27083013094,4
5.10795456921,-0.129188636285,1
4.97384891708,-0.487629905303,1
4.9604752503,-0.0795519087123,1
4.65933981435,-0.447279673562,1
-1.98027617745,-1.53218423975,0
-3.95486221099,-1.00976621372,4
-0.465926340189,2.97716438231,3
-1.44358956665,1.30432287439,3
-2.17770024021,-1.56803485641,0
-5.30500256214,1.37881774342,2
-1.89416983758,1.75322147541,3
5.26977715617,0.288843664613,1
-2.98443409918,-0.178202930425,4
-2.26312402662,0.691614079669,3
-1.59126708902,-1.58369453443,0
-2.21834395991,-1.12694481126,0
-1.71922698188,0.928710179184,3
5.057217569,0.248132849083,1
-3.92912168403,-1.24214148808,4
-2.11766526026,0.612987393158,3
-1.23219591771,1.79245802564,3
-1.70528454153,-1.21368393713,0
-1.74076195009,0.11211819476,0
5.17836053563,-0.149149821583,1
4.91809959242,0.0967371809631,1
5.02983792217,-0.0482707696012,1
-1.61729585066,-1.50758379909,0
4.70568781298,-0.0447497562,1
-1.47468574354,0.527162157869,3
-1.14362744565,-0.741836613636,0
-5.1409743484,1.30787758611,2
-4.01300283881,-1.30449208798,4
-2.55116640877,-1.28019346951,0
-1.91206682101,-0.756527291502,0
-2.07645093522,-0.555626605689,0
-1.89779250002,1.46556622356,3
-1.81725633118,0.576693883375,3
-2.13178244322,0.330423836683,3
4.96331047159,-0.0609505610776,1
5.18045290801,0.0932539372933,1
-1.75979043646,0.749699186694,3
-5.27522278049,1.45667628044,2
5.54120760236,1.38089084033,1
-1.57165130591,-0.860104941521,0
4.75010736362,-0.032627913454,1
-5.28861217552,1.34852999288,2
4.90783095466,-0.318558471501,1
-1.77538160317,0.6674212081,3
5.01226020584,-0.0491735256991,1
-5.44876628147,1.45368926765,2
4.95888019042,0.0530731365494,1
5.48418423816,0.0288120716477,1
4.50739628277,1.3128621713,1
5.1719421893,0.181784471221,1
-2.22894884864,-1.37080773104,0
-2.21341587363,0.548201780044,3
-2.04102320338,0.222132139065,3
-1.96549064751,1.576648973,3
5.20196657854,0.134496753365,1
-2.4417437921,0.507872490326,3
5.14060266186,0.0929035867915,1
-1.50102936453,0.943907653028,3
5.10488676541,0.239286884445,1
-5.1725212066,1.36359266029,2
-1.82196146151,-1.35938948271,0
-2.79957992075,0.662543966377,3
5.19991784853,0.230658274726,1
-1.7135424772,-1.42807937369,0
-2.46003021686,1.6083738677,3
4.99688501199,-0.0336862691988,1
-1.54620956292,-1.60675730663,0
-1.01873623269,-1.86814111526,0
5.05429037122,-0.0427398247649,1
-1.25323057306,-0.475821638922,0
5.3305596482,0.181736603127,1
5.16320194479,-0.180620881263,1
-1.28485034494,0.870371116609,3
-1.18016018507,1.63937746105,3
5.03060564514,-0.085863514484,1
-2.21643240391,0.333481107387,3
-0.589221431539,2.73880304851,3
5.48780750855,1.36114616675,1
5.33355880914,-0.0442486926428,1
-1.98777408585,0.229832581662,3
-1.75021151437,1.19439827458,3
-1.50550255144,1.15627589681,3
-4.19947686523,-1.18861846887,4
-2.16244904567,0.0985492386936,3
-2.46324304746,0.520566746795,3
-2.07832908842,-1.44677592594,0
5.23562525891,0.103263931824,1
-0.540255011464,2.87195730263,3
-5.14367407371,1.23752889834,2
-1.92861241323,-1.20598441447,0
-5.46605794665,1.45090713571,2
5.52418115096,1.43614263037,1
5.07665646714,-0.0996356175295,1
-2.1326977265,0.357925388169,3
-1.09153503285,0.997505037608,3
5.04020175877,0.133158640026,1
5.31711683252,-0.0860943561088,1
-4.36534021002,-1.17458908167,4
4.82496182043,-0.179477793077,1
-1.50426085252,1.16368348974,3
-1.87744809593,-1.15553267671,0
-5.1476393959,1.34412056053,2
5.2759896503,0.0302943987233,1
5.10962284322,0.400336837177,1
-1.6442666318,1.16748350955,3
5.07861878609,0.068859205579,1
5.08151412152,-0.0558220243846,1
5.58146529174,1.49486540124,1
5.05262302471,0.0240399741816,1
-4.19719708913,-1.16370618599,4
-1.52596169849,1.06743594682,3
4.67855663868,-0.24289226659,1
4.75442096229,-0.0099701715238,1
5.1360130052,0.0960814822514,1
4.97717886843,-0.140386522861,1
-2.30908283404,0.501854308743,3
5.15337149303,0.143575741544,1
5.04758128219,0.0117308421172,1
5.06230684383,-0.107417454067,1
-5.11696176011,1.25825901811,2
-1.42063101352,1.77367886014,3
-1.3468217558,1.6576308065,3
-3.52602382994,0.076893102803,4
-5.13807669155,1.37902960804,2
-2.1490929284,0.370358043877,3
-1.93286317948,-1.41388156493,0
-1.43356932148,1.04925353804,3
-2.10722657949,-0.725961426257,0
4.96650920922,-0.146620834314,1
-1.93426515502,-0.97518787852,0
-1.80423190941,1.10011212037,3
4.84427970918,-0.123593972836,1
4.83906260766,-0.364852177207,1
-5.42256712602,1.41221513011,2
-1.94134123667,-1.40611566455,0
-1.64061468719,-1.54711482634,0
4.92237656497,-1.21153514362,1
4.93447415585,0.123725866182,1
-5.4782984211,1.30307873743,2
-2.59934795618,0.530947478879,3
5.07475289679,0.0467337969543,1
-2.28548584449,0.244491469183,3
-5.77238613292,1.45578585274,2
5.21584546607,-0.0792670390337,1
5.59795255965,1.3903955529,1
-1.4653200086,0.0584590565141,3
-4.12789642001,-1.30061034043,4
4.33503546894,-0.0372309709771,1
-1.918771884,-1.47332923566,0
5.22952052153,-0.0304084397037,1
-1.53464026267,1.00846723468,3
-5.23828286784,1.27906880194,2
-2.46479500018,0.652074537703,3
-1.80814338512,0.330235685091,3
4.36499021754,0.126653077906,1
-1.53319981355,-0.638936276581,0
-5.28559050816,1.30416928801,2
5.61550594449,1.00223347062,1
5.09475652108,-0.12761681809,1
-1.95362929734,-1.23014610219,0
-1.75775287974,-1.46642140358,0
5.33408444817,0.0811869150511,1
5.31920568923,-0.217238909764,1
-1.58602254897,1.18047721879,3
5.86097104579,0.733149841924,1
-2.20784380575,0.498933105358,3
-2.17092473808,0.27039448477,3
-1.7855155085,1.51174717384,3
-4.06833796919,-1.28361542127,4
5.10954594665,0.317968921709,1
-4.15363191262,-1.12830161914,4
5.68907432469,1.55004275327,1
-5.40666937598,1.3676710034,2
-2.14174824891,-1.25391610613,0
5.45311722348,1.40565833098,1
-2.69476505942,0.521487943739,3
4.91528208921,0.28442233521,1
-1.31335048435,-1.54382274842,0
-5.64235999121,1.31165784309,2
-1.99577762931,0.176356234118,3
-1.87774355339,0.0567506015295,3
-1.62809783953,1.30533514719,3
4.99841722128,-0.279759013607,1
5.09081952134,-0.0474111837427,1
4.66264237108,-0.136312745553,1
-5.40568923865,1.41085078519,2
-1.13140510651,1.18917757849,3
-1.01291154304,1.9491944128,3
5.3873828969,0.264398779458,1
-1.96435295656,0.745202670844,3
4.9216516269,-0.157044490257,1
-1.61452472609,1.3336272832,3
5.65022222063,1.30382455925,1
5.63653703734,1.37193335804,1
-1.62239451489,-0.506233773268,0
5.16187765496,-0.128798449064,1
-1.69864111754,0.691514682655,3
-1.71338513998,-1.27816041712,0
-5.59726867902,1.41895503948,2
-4.9933481483,1.17706423607,2
4.75506513186,-0.0264904889793,1
4.73103184055,-0.331251245519,1
-1.42502508886,0.777851097431,3
4.71677408544,0.0547472320491,1
5.14204004856,0.0138293788975,1
-2.21780492304,0.403956622581,3
-5.24945383774,1.29434346123,2
4.83116635699,0.110504342798,1
0.271179845379,-2.21142798105,0
-1.81900667554,1.41045170473,3
-0.336484613469,2.91535390578,3
-1.80929126102,1.07073436725,3
4.58384423096,1.38153197443,1
-1.45902961093,-1.63369183919,0
5.23930823126,0.0607405796056,1
-4.40773015238,-1.20948105178,4
-1.84587563668,1.37572705501,3
-2.96883435055,-0.174974799897,4
-1.5293240921,-1.44619128046,0
-5.23828286784,1.27906880194,2
5.03381861803,0.296763925813,1
-2.01276703546,-0.0917584136844,3
4.97121682511,0.0546779681416,1
-2.09615663064,1.10594670138,3
5.18042193969,0.0300949463206,1
-5.13984355716,1.27951418306,2
-2.0978633354,0.933164719509,3
-1.87942873,-1.1651249455,0
-5.57843790039,1.38721005083,2
-1.85229783306,-0.739425175122,0
-2.21773593218,0.275980856644,3
-4.42855278483,-1.21875154549,4
-2.6040287259,-0.640729565907,0
-2.21953961184,0.798707600806,3
-4.12848397925,-1.2565873385,4
4.87815263182,-0.260166716286,1
-2.16779196902,-1.53934616656,0
-1.64002695943,0.953512831444,3
-2.9984635017,-0.311635104257,4
-4.01566345702,-1.33214853533,4
-1.42778522963,-1.41511078353,0
4.96445386075,-0.199346964269,1
-1.55658418257,-0.924719409048,0
5.32058484406,0.0789575906916,1
-0.578433291915,2.81275675313,3
-5.4504486629,1.22867200124,2
4.43595451696,1.13775192964,1
-1.90299349273,0.215392763244,0
-5.18610314013,1.3108779724,2
-1.22123039527,-0.624180744167,0
-1.15532379007,-0.925483581299,0
5.51738136183,1.39790021054,1
2.64572374893,-0.473372554238,1
5.51514413023,1.418361984,1
-1.17970113911,1.66426705668,3
-2.19021380813,1.33461787316,3
-2.33341290718,0.463717843766,3
-5.46729850956,1.39688474644,2
5.16587571653,-0.0669134708875,1
4.98878214062,-0.12350935215,1
-1.89875340477,-0.345533788048,0
-0.937143359519,2.41154621022,3
-5.51417218883,1.40227667792,2
-1.39154330539,1.13030910515,3
-1.57952357038,-1.59540575111,0
5.14785079699,-0.201287737475,1
-4.21603310182,-1.25059633177,4
4.82288780206,0.0231544700908,1
5.22451428813,-0.255683671345,1
4.63065275268,0.250732982392,1
-2.11162048697,-0.979747420442,0
-1.36057315644,-0.552422421943,0
5.19041526097,0.180417851655,1
-2.04954237072,-1.34450280976,0
-2.26205363823,1.46530070778,3
-2.00459350281,-1.35650886551,0
-3.97173141356,-1.25651551211,4
-1.87704677435,-1.33358069661,0
4.99966320874,0.0574641420858,1
5.2049239467,-0.00908098715424,1
-1.91984157973,-1.61134773282,0
-1.48790870706,-1.36263151617,0
-4.47549221666,-1.19651292402,4
-5.33454923628,1.48379351822,2
-2.06772277579,0.612041901798,3
4.84913244549,-0.347467777907,1
-2.54854905222,0.402221609846,3
-0.410997443147,3.07967987529,3
-4.31291525284,-1.18871950942,4
-1.75485571386,-1.4982824013,0
-3.80270134351,-0.251917034293,4
-1.86304684844,-1.22897934096,0
-2.22512466799,0.489864081395,3
-2.26855119075,-1.27017281307,0
-1.83146108722,-0.228731026768,0
-2.14395297316,-1.40535432934,0
-1.61374490018,1.06318743006,3
5.13586751576,0.100641439466,1
6.24477434039,0.985187713644,1
-5.60100660661,1.31596229295,2
-1.22952842701,1.92048305782,3
5.11956144992,0.34059966518,1
-0.562815847319,3.03760094367,3
-2.30448883698,0.213241359964,3
-1.94171914685,1.92464454276,3
-5.22897404341,1.39751009589,2
-2.66195803529,0.530666726203,3
5.08463218973,0.183805372786,1
4.67010573048,-0.149001791715,1
-1.02349487294,-0.589510482447,0
4.92681514457,0.103484110859,1
-2.04769999797,-1.1776693379,0
-1.18751581984,-1.87753374578,0
-1.88934985892,-1.03801614827,0
-2.04215637492,-0.577615990674,0
4.45902848182,1.20920831262,1
5.74181043133,1.38009199376,1
-4.08407105772,-1.31794289107,4
-2.06770832768,0.883970860511,3
-1.90780918259,-1.36085233813,0
-1.71447658731,-1.11741620383,0
-4.74582186933,1.02110313108,2
-1.60011727831,-1.62090712382,0
-2.34978905257,1.07638904875,3
5.03102664762,0.0102262441098,1
-2.3589102015,-1.25462578941,0
4.90779893684,0.0853281652827,1
-4.35839385313,-1.21474040038,4
-4.08688359614,-1.22859655484,4
-2.40110018798,0.274076068867,3
-1.92059470464,-1.00318717097,0
-1.5503799664,-0.237553935077,0
-4.88154433813,1.19236712923,2
-2.32242804273,0.316910444944,3
-5.04343699346,1.22574907807,2
5.27019867167,0.283902683201,1
5.09211086338,0.352603468971,1
-4.18520180533,-1.25572453009,4
5.21040927032,-0.131527607667,1
5.33674583633,-0.0833448135299,1
-1.83150152924,-0.95779710756,0
-3.95236858853,-1.16211569916,4
-1.14126585669,2.27112379642,3
-2.08662971813,-1.1573306608,0
5.88956306289,1.38273333915,1
-1.74246810492,-1.14580861145,0
-1.95120040848,1.75649504357,3
-2.0869590658,0.270708263211,3
-1.26261168669,0.864107866508,3
-1.96646367238,-1.44363858783,0
-3.95206398249,-1.21470259303,4
-2.2034896236,0.575059696517,3
-2.06340682759,-1.20103661829,0
4.82377131667,-0.176149422149,1
5.14219213431,0.188971789394,1
-5.15216207589,1.34536678049,2
-1.34297136838,0.877845931676,3
5.02355055375,-0.22873348531,1
-2.41182799125,0.9391046421,3
5.59327892053,1.33173716696,1
5.2018307546,0.179859705414,1
-2.66076792713,0.524018197911,4
5.09371488966,-0.139570378971,1
5.03947502346,-0.0852514390753,1
-1.95148869002,0.723470254632,3
-5.16459956406,1.31130747021,2
-1.68098111141,-1.13971488784,0
-5.64046213922,1.55661232,2
5.07403454638,0.0581579344402,1
-1.41885816099,1.45441213916,3
4.6952475404,-0.532649510256,1
-1.90204097422,-0.995927049687,0
6.05705816989,0.920772219597,1
5.09688985844,-0.102187376006,1
4.93999301498,-0.347362328702,1
-1.18436963663,0.809001690991,3
-2.29085644094,0.254252679226,3
-1.29887556213,0.679805931886,3
4.99747542517,-0.197384476241,1
-1.8099277375,-1.08718449067,0
-4.05132838095,-1.29591643351,4
4.95194331253,-0.285820416982,1
-1.71391319832,-1.65639188296,0
-4.31098143458,-1.16336972159,4
-4.19371267896,-1.32146952564,4
5.08299432771,0.0397203365101,1
-4.17615436758,-1.20997546258,4
-1.85387899593,0.0136021629764,3
5.13087246904,0.0444349139661,1
-1.36969384343,-1.67873899467,0
-2.58181736306,-1.3832758287,0
-1.83291033271,1.79262867857,3
-4.11226792483,-1.26544130121,4
5.32014085203,0.12097352196,1
-4.20619020336,-1.25277589644,4
-5.49542337744,1.39820901986,2
-4.44878999493,-1.19174286889,4
-1.76670991098,0.749358337311,3
5.16517025806,-0.0953225543343,1
-2.05301836742,1.00677847597,3
5.01244108336,-0.250057678368,1
-2.11190785141,-1.40374522069,0
-5.07052306066,1.27066943939,2
-0.999602856068,-1.56675777575,0
-5.26967585703,1.35595779711,2
5.19928532047,-0.253770342466,1
-4.33331961725,-1.27124858387,4
-1.66940607462,-1.50594710089,0
-1.24261021114,-1.04165236824,0
-5.18124119234,1.37677318683,2
-5.05610668604,1.25068860635,2
5.13095847045,0.0193542945341,1
4.65049223178,-0.208751171703,1
-2.05892703382,0.206190975758,3
5.05884656833,0.247671508841,1
5.68521823801,1.38117133871,1
-1.14840657026,0.743184281455,3
-0.76248705297,2.72024399302,3
-2.14026504607,-1.50682576205,0
5.21366815087,0.217221737982,1
-4.7836763127,1.10865925394,2
4.77175477542,-0.310269187775,1
-0.633116710754,-1.88508201854,0
-1.32569951627,-1.20618077494,0
4.46757513059,1.27669572136,1
5.19136619647,-0.0210608927462,1
4.83964187718,-0.0938268788108,1
-0.487926673033,3.04579185039,3
5.14511371506,0.0781915372694,1
-5.05220138315,1.31640984802,2
4.3955675163,1.21083488756,1
5.43277475705,-0.00314609435641,1
-2.33097789243,0.475635063026,3
-5.43440507422,1.46512917535,2
5.19175204668,0.258438026381,1
5.15678445802,0.0456404877688,1
-1.43620219271,-1.64236581039,0
5.39135021202,0.00891394383791,1
5.01461980447,-0.107721878101,1
-2.62080117071,0.331431165559,4
5.17862218331,-0.126482932136,1
-0.733395451425,0.243284196395,3
-2.38741835652,-1.46390029766,0
4.99025343982,-0.0994037345187,1
-1.70217271441,1.4323001885,3
-1.00427754014,-1.46872547558,0
-2.08198539851,-1.28122566401,0
5.13223319127,0.0233509263594,1
-5.23683215971,1.34430643214,2
4.92784010405,-0.103411456517,1
-1.7008140832,-0.37844797132,0
5.14497262318,0.0266238831466,1
-0.734305492989,-1.93024920472,0
5.00990080493,0.209577885213,1
-1.90067851112,-1.70968190423,0
-5.68171908675,1.31910755137,2
5.30712103015,-0.0708166018154,1
-2.81738363001,-0.0311330278501,4
5.38356116968,-0.192151419036,1
-1.72986606885,-0.830841392057,0
4.94159772393,-0.290870159086,1
-1.0677237049,0.693906887481,3
-1.33117553272,-0.803482003294,0
-5.29390385212,1.34530323022,2
-1.51543785317,-0.907097163242,0
5.6011606532,1.38752763999,1
-1.78361514847,-1.34134743454,0
-4.07736333363,-1.29601522299,4
5.01578618735,-0.11451158822,1
-2.33745147933,0.691002513039,3
4.75812763284,-0.237249062523,1
-2.37459217447,-1.24465100626,0
-2.64883836018,0.630993563948,3
-3.92023884394,-1.16482136266,4
4.93738708003,-0.105053247351,1
-3.99116513643,-1.29410392514,4
-1.94436682456,-0.981934559846,0
-5.30104374818,1.41198191164,2
-2.16798175201,-1.40983482387,0
5.12881184022,0.157111246648,1
-1.89947294152,1.05936741523,3
-1.78505344306,1.03020075347,3
5.25048853909,0.221493223852,1
-4.13191061325,-1.16746035312,4
-5.26559932442,1.42542087336,2
-2.10991106798,-1.55673804013,0
-4.92529370739,1.14245198836,2
4.37521334433,1.08509403157,1
-2.28666116796,0.749484919568,3
-3.87706823733,-1.25247665988,4
-1.94520443908,-1.38479873426,0
4.54254760657,-0.813956654152,1
5.31073445833,-0.00933020538112,1
-2.26563116786,0.353416545136,3
4.84462941757,-0.365195706862,1
-4.32349416459,-1.15302066312,4
-2.48170608214,0.588604502146,3
-2.19434305794,1.06681783136,3
-1.80913866664,1.18551671841,3
-2.0442806855,0.675746132775,3
-1.38615987943,0.264424901518,3
5.29924977689,-0.0109647359414,1
-2.09342203676,-0.767826753333,0
4.74900691656,-0.0566148844304,1
-2.66502359989,0.676568394226,3
4.99174896747,0.252833760516,1
-1.4466062935,1.37052971885,3
-2.04174085175,-1.21957817503,0
-5.19985902574,1.32568367001,2
4.87890791896,-0.163530180394,1
5.19742561154,0.263372845706,1
-4.416743502,-1.16822127769,4
5.0460931628,0.123067865523,1
-1.91976478571,-1.40734294891,0
-1.84703964766,-0.578118620228,0
-5.45384762587,1.42322711197,2
4.87559017436,-1.17708735062,1
-2.0563926883,1.5432072666,3
-3.7522476091,-0.155620341006,4
-5.51782879428,1.49878534763,2
5.04149635999,-0.0859381867395,1
5.44503227505,1.56904452835,1
-2.05623533454,0.435196417262,3
5.08552107846,0.0264725608968,1
-2.29426553886,0.13925674056,3
-4.32693160733,-1.19841042765,4
-3.8179013489,-1.02739172701,4
5.38910958927,-0.0264707461874,1
-1.06090765579,0.853125362979,3
-2.28653229046,0.416482024537,3
-1.334746931,1.22322789365,3
-2.30211647723,-1.26243720384,0
-1.37180670032,-1.38153294433,0
5.02012087498,-0.08753495926,1
-2.50175226247,0.42519810322,3
-1.84670308181,-1.39754371503,0
-2.09566881478,-1.24796278948,0
-2.32056189627,0.486560803038,3
-1.00818637918,-1.57311256484,0
-0.434285421317,2.97573007634,3
-2.18144335736,-1.49014621153,0
5.12206935185,0.138733925531,1
-1.06189653232,-1.09348277348,0
-1.69788827976,-1.16512229133,0
-1.80428250745,-0.938280031104,0
-1.27014950437,-1.4932631033,0
5.20827466908,0.242364035431,1
-1.80404139292,-1.14251958788,0
-1.72841560521,-1.75050491035,0
-1.8918284707,-0.95231054622,0
-4.10693207201,-1.26863635638,4
-2.30466017871,-1.25072376691,0
-5.6240959786,1.41162494271,2
5.12048330114,0.057456712976,1
-1.83079704086,-0.880449464626,0
-2.02692053421,-1.16834598344,0
-2.00980004308,0.161011163332,3
-1.29297610986,1.12736600584,3
-3.98730008565,-0.836794929197,4
5.12409285822,-0.266775132172,1
-1.09353926143,-1.37990594012,0
-5.53511366127,1.42291766794,2
-2.43714948216,-1.02076668051,0
5.3688362257,0.0268846255567,1
-1.45049935476,1.16004759637,3
4.80697772238,0.00912166957976,1
-2.23677050634,0.345908034199,3
-4.00754363983,-1.17150822485,4
5.08842202452,0.0474628454765,1
5.24284660779,-0.256810232988,1
-2.10363068969,-1.03576360139,0
-1.88410946965,-1.46537802159,0
-1.71547490919,-0.985411028106,0
4.93374122316,-0.107732416171,1
-2.32524298342,0.212438295796,3
5.47551405927,1.41520731514,1
-0.672132308769,2.82530707159,3
4.69436390661,-0.0800494161078,1
5.09144270886,0.273806752272,1
-1.6884566769,-1.32107909496,0
5.32593515255,0.185417745929,1
-1.21156988942,-1.93045557116,0
-2.57478052863,-1.18530004558,0
-1.49800931886,1.04699410143,3
-2.29377456939,-1.3670176794,0
-2.29590731901,0.512863972087,3
-2.05038716097,-0.804803872272,0
-2.04498184099,-1.0614737953,0
-4.35864418331,-1.18153433223,4
-5.39886965516,1.47004702829,2
-2.27129339065,0.290269225413,3
-1.97689991076,-1.63086771892,0
-5.57353471158,1.38753505792,2
-1.3014342839,1.19192584946,3
-1.94738942766,-0.881606799149,0
5.05761989574,0.277441288029,1
-1.75240317079,1.40637116924,3
-0.659472470745,2.76004995653,3
-2.14044598736,-1.32740871106,0
-1.99550222295,0.138564319218,3
4.81830395182,-0.161886105938,1
5.06087267398,0.30733668157,1
4.38051952916,1.06436882111,1
-1.85109314177,0.227900151588,3
-3.96982173518,-1.34451621571,4
-4.38494387381,-1.18375836889,4
5.22120736672,-0.212535815334,1
-4.3269680425,-1.25962894359,4
-1.64135411079,-0.494052040337,0
5.58051982203,1.42646358185,1
-5.32610784364,1.49519474,2
-2.05815294008,-1.55898887162,0
5.46045025041,0.320254326775,1
-4.20427466793,-1.13028671212,4
5.04428864566,-0.29444870659,1
5.27715629108,-0.0724201471304,1
5.0282871544,0.00933272437058,1
-0.39231160346,3.05894234653,3
-1.86160862372,-1.49700326399,0
5.06865989912,0.0111458544024,1
5.33182386411,0.238523523745,1
-1.67236438201,-0.179856908609,0
5.0466153629,0.310245188832,1
-0.420637395725,3.00373645912,3
5.63925581519,1.3523558525,1
-1.64804474699,-1.55326729552,0
-4.3288019165,-1.25713565088,4
-1.9911189424,-0.401434518407,0
-5.38241548045,1.40222029334,2
4.90655059318,-0.215374319851,1
-1.00243656961,-1.95662687933,0
5.00401565826,-0.0856451888571,1
-1.88687291848,-1.41594039213,0
-4.99535923355,1.17329809203,2
-1.60384537883,-0.313676802366,0
5.30026378411,0.196574403485,1
4.85955938088,-0.282836008791,1
-2.22315653087,-0.641569574169,0
-1.700208347,-0.037065264155,3
-2.40082676396,0.533170659855,3
4.05089097243,1.34572650733,1
5.16828237207,0.018969633581,1
-2.12505845101,-1.25202176071,0
4.78406986004,-0.373762083782,1
-4.36448788449,-1.24611090844,4
-3.94078587477,-1.24662494948,4
5.20496598343,0.127178123496,1
-1.73966696439,-1.05279498295,0
-1.78644108489,-1.43106795998,0
4.9783157688,-0.13315083045,1
-1.46519313728,1.40701929416,3
5.11874658903,0.363482465087,1
-1.59619923149,-0.9194081549,0
-5.27795058957,1.35247291105,2
5.12654269645,0.129546573374,1
-5.26789496987,1.30435338688,2
5.04813413356,0.316489261486,1
-1.90513070207,0.289065342725,3
5.09428952899,0.224013405892,1
4.88506081171,-0.273420651068,1
5.96445796132,1.3634919833,1
5.7678237458,1.04955407274,1
-1.96263757982,0.199405806818,3
4.91180603781,0.107807069412,1
-1.5469248054,1.19992454835,3
-1.70958024257,-1.0108217225,0
-0.974777652222,2.63196966903,3
4.90997073078,-0.315812676665,1
-1.98673552795,0.781228686342,3
5.20833242279,0.314907058008,1
-1.50729617074,-1.50215057093,0
-5.50703024225,1.44293336914,2
4.39607023389,1.1574571827,1
-5.38024948581,1.37585808083,2
4.72581349489,-0.134044635141,1
5.14952832692,-0.109034635939,1
-4.29639384038,-1.27156812215,4
-1.03704339463,-1.47890145338,0
-5.39532920999,1.17744069769,2
4.8093254518,-0.0378591110919,1
-1.69979002603,1.25053341231,3
-1.29763886872,1.86309339802,3
-2.29685319941,0.344518997124,3
5.36350718027,0.092974967188,1
4.98829174424,0.240050338952,1
5.08849688927,0.0805682547363,1
-2.29261471414,0.795904152809,3
-4.53131576826,-1.1573818459,4
-4.48349570258,-1.207617064,4
-1.76231214587,-0.726630943286,0
-2.74296639769,0.637810980066,3
4.9988977014,-0.170747992539,1
-2.70629136965,0.70046761167,4
-5.30362691067,1.32767073736,2
-4.04901515414,-1.27702369171,4
-2.48664101682,-1.09492069901,0
5.31513451669,0.0290277612439,1
5.00405940617,-0.148019984986,1
-2.1833381928,-1.51017725455,0
-2.19129241496,-1.37704944279,0
2.21652380442,-1.84558580482,1
5.12018048667,0.204263876554,1
-2.0397936007,-1.01708496565,0
-0.498669078889,2.97380526974,3
-1.72084313433,0.693973815436,3
-1.66867698318,-1.43125046101,0
-2.3244715984,0.633903528047,3
-1.98298807748,-1.15756946579,0
-2.18110384941,-0.667428628419,0
-1.64449618573,1.3080956,3
5.21068272547,-0.115114622626,1
-2.53459100505,-1.24342391264,0
-5.12383060951,1.24510371243,2
-1.47371404808,1.68022911993,3
5.50192402776,0.246996720894,1
4.92864642639,0.179471513968,1
-1.95682669156,-1.50836217376,0
-1.52046599562,1.26990463777,3
4.9024049604,0.17736689002,1
-2.02566543159,-1.23872345901,0
-4.10481401541,-1.3004792914,4
4.44148381373,1.11796397236,1
-1.09181331077,0.803399517437,3
5.43391745459,0.222200731447,1
-0.880115146685,1.09127838044,3
-1.73120738379,-1.26699917293,0
4.93706190462,-0.00972311851038,1
-1.92220042742,-1.33393534576,0
4.77381106915,-0.0189913420985,1
-2.1111787785,-0.739404080909,0
-2.93676884967,-0.126402065824,4
4.6648167292,-0.132649138677,1
4.80487815437,-0.0482798844032,1
-2.11181418967,0.210032840451,3
-1.28865098766,-1.69647689177,0
5.22421237015,-0.16857072991,1
-2.05261114972,-1.55984506251,0
5.57200516139,1.4093880004,1
-0.36607781495,2.99696032882,3
-1.52005880345,-0.727203982338,0
-5.34328476588,1.21973662767,2
-1.66371109956,0.881427995798,3
-1.56423072277,-1.6862900367,0
-1.94218266373,-1.264866745,0
4.95360528136,-0.333252900183,1
-4.96075409182,1.18053024462,2
4.4901645267,1.2918409081,1
-2.14036737574,-1.39931974061,0
-2.21421191678,0.524354295725,3
4.51782773889,-0.891401619473,1
-2.10771093605,-1.43283682391,0
-2.31717920482,0.672696775558,3
-2.5363570823,0.810561621026,3
-3.02227087019,-1.01635931188,0
-1.3580130081,0.887995644214,3
5.07036609081,0.245851177196,1
-2.03614344885,0.195249483194,3
-1.94034499085,-1.13339943689,0
5.21118000514,0.0211306148496,1
-1.82049805003,1.51524680019,3
-1.91931524056,1.60249539947,3
-1.21617318044,-1.79258475452,0
-4.50762723143,-1.19505843508,4
-2.15513913976,-1.56265888874,0
5.32083294333,-0.0310009199536,1
5.10458373574,0.0977945894266,1
4.90757145003,-0.339262376251,1
5.06436741842,-0.0893218562082,1
-1.49648911571,-0.438206569699,0
-5.26258998681,1.31331761356,2
-4.56571100971,-1.16337357904,4
5.00541617737,0.272723310435,1
-1.82908963815,1.32041712422,3
-4.37395028916,-1.18309784638,4
-1.87613422982,-1.0925094041,0
4.85965281895,-0.340749927512,1
4.74271715112,-0.453846085339,1
-1.23627356879,1.15489162736,3
-1.57451734343,0.401645893469,3
-0.920207818873,2.46551067581,3
-4.03423102161,-1.09586447743,4
5.18755276265,-0.118697485361,1
4.73856271532,-0.00865369699364,1
5.04546368319,-0.00310043369205,1
5.03638499505,0.0156301462176,1
-1.19897601378,-1.51576461813,0
-0.948159167222,1.07897432407,3
5.13719401636,0.402748894772,1
-0.982587002877,-1.13256809028,0
5.09772036337,0.0620853593344,1
-1.29120375607,-1.44936320528,0
-1.9496277813,-1.43212643188,0
-2.31119467036,1.07948537619,3
5.07930368138,-0.129810923844,1
-5.35106916979,1.31389457105,2
-2.05915973926,0.379167817312,3
-2.55606974483,0.436303742414,3
-1.91802804618,-1.40438894048,0
-1.55138526101,1.161100321,3
-1.56219787785,-0.550621492294,0
5.3096078097,0.0201984190544,1
-4.24836942331,-1.21241772104,4
-1.98499907626,0.188411300973,3
-1.91423773584,0.932454378842,3
5.26673438712,0.128975180743,1
-1.74398022517,-0.872408404846,0
5.28667989552,0.0853899648802,1
4.97397874755,-0.288383269264,1
-1.09999972792,2.21146873771,3
5.52836884777,1.4211003557,1
-5.67564498455,1.40065496025,2
5.62289483305,1.38243418142,1
5.5184802662,1.53342515153,1
-5.45910685642,1.43767876559,2
4.81023592772,-0.365324281647,1
4.83526972196,-0.352893771463,1
-1.81869879617,-1.68442422394,0
-1.93117904493,-1.21201781597,0
-2.05040735671,1.12728087175,3
-4.48329724308,-1.21119231248,4
-5.3885447964,1.43738407393,2
-2.11672802585,-0.214306021652,0
5.0142007166,0.213688626052,1
-1.78723009095,0.863477076089,3
-1.95670747836,0.937849958419,3
4.04867398102,0.216621660733,1
-0.720050471107,3.18776576373,3
-5.47600028495,1.34922290562,2
-1.34783749873,1.22512472107,3
-1.26407946482,-1.70693880705,0
-2.96235061915,-0.201784277981,4
-1.88770645456,0.932931073036,3
-1.37887165873,1.68606285737,3
-1.52748894929,1.12041121034,3
5.07420898712,0.0262342086983,1
4.99049972645,0.165868050009,1
5.42385038077,0.326911709421,1
-1.67926428087,0.885603147874,3
-1.09497552035,-1.52470997556,0
-0.920642962612,2.53543880355,3
5.23156681681,-0.279814590901,1
-2.29467180497,-1.41891597372,0
-4.04562261406,-1.31339327885,4
-2.0877722259,1.35554903392,3
5.1036207033,0.0620901691046,1
-4.04704096754,-1.2660162775,4
5.25739208023,-0.0109079452312,1
-4.05373767382,-1.28850395152,4
-4.21868969478,-1.30385154224,4
-1.93730754666,-1.50902491345,0
4.86592069018,0.067977038717,1
-0.553769869295,3.14416208778,3
-2.30240273391,0.79708739906,3
-1.12690474233,-1.8469304255,0
-1.55089997225,-1.52747174466,0
-1.82459004306,1.19249304951,3
-0.668642835756,2.91350849951,3
5.23792485068,0.0794129086648,1
5.16439423337,0.148074590773,1
5.3433617134,0.320983879999,1
5.08403016414,0.0841462768015,1
-1.45959251979,-0.879426689612,0
-1.04465872587,-0.788078538408,0
-1.89320048017,-1.47111270579,0
-1.41622936319,0.875094382954,3
-2.3148974737,-1.43761145605,0
-4.92397494038,1.16529965804,2
-1.43774403528,-1.6376845874,0
-1.4912667782,-0.922814525065,0
-1.80126878596,0.581000811873,3
5.27469368068,0.517457046725,1
-1.73935594298,1.32778942447,3
5.1135559931,0.071757505891,1
-5.37526777388,1.32396871801,2
5.08871433358,0.0419146280228,1
-2.62397490424,0.570025834898,3
-1.41051566798,-1.85142769072,0
-0.291928808586,2.96613448929,3
-2.60169534381,0.46781448056,3
-1.72680653331,-1.14701809628,0
4.9487096824,0.169015244735,1
-2.12351909201,-1.339213384,0
5.20605943506,0.0637811490325,1
-5.28239823734,1.31530931603,2
-1.83320172832,-1.35972898795,0
5.24805902885,0.279158474414,1
-1.56293462063,-0.354756711541,0
-1.60874745021,1.22338803509,3
4.9119340489,-0.209610904805,1
5.10233219443,-0.173795001969,1
-0.540766969574,2.85837687671,3
-2.00865970295,-0.705300445136,0
-3.04806532204,-0.324427876692,4
-2.11135096984,-1.17232976605,0
-2.14433487636,-1.30188677295,0
4.44193073765,0.649631220175,1
-4.08236307041,-1.27256971435,4
-4.48429556479,-1.3249317689,4
-0.88036876732,1.25494728309,3
5.04334090914,-0.0858830228426,1
5.07596028253,-0.263719786498,1
-2.1583196607,0.670466922549,3
-1.9019388104,-1.34520134578,0
4.78543843948,-0.3044343774,1
-5.62558067974,1.2636709587,2
-5.23397656252,1.39905245857,2
-1.98961480736,0.89594929476,3
-2.42723264128,-1.22498334654,0
-1.75772785767,1.5573829655,3
-0.55708794115,2.94585876538,3
-1.56388543392,-1.52828469493,0
-1.19195083707,1.86496196399,3
-3.94183876839,-1.25755445094,4
-0.828951239005,-1.84080707943,0
5.22820521313,0.143414811504,1
-1.90431252506,-0.516287464148,0
-2.15490019377,0.276158021103,3
5.36253755569,0.0494879381367,1
-5.44835352717,1.36529706687,2
4.73479462935,-0.214088205246,1
-5.06143888597,1.25441636977,2
5.02228533065,-0.0783053166814,1
-5.27979497244,1.33635486672,2
-2.04710448336,-1.2554937934,0
5.42601489234,0.234113658678,1
4.62343959412,-0.147049787137,1
-5.14497091381,1.27111151139,2
-4.21958774796,-1.260038983,4
4.56077320795,-0.566558704118,1
-2.0459208963,0.113907731184,3
4.99189374692,-0.0956765775023,1
-2.16317575162,0.874925255033,3
-1.3773477637,1.37680353572,3
-4.05441532945,-1.24614145828,4
-4.40882448423,-1.18045828153,4
-3.9483131683,-1.24898256974,4
4.69787685729,-0.146880924237,1
-5.43756987664,1.49505997716,2
-5.39598276727,1.46866754844,2
-4.28389452472,-1.26820851872,4
-1.4808134629,1.24490201022,3
5.08249096591,0.0379896538006,1
5.23814521957,-0.301164719747,1
-5.14867768494,1.34530946204,2
-5.41322402375,1.33797139661,2
-2.20797410145,0.313117559226,3
-1.67572213809,-1.04905351413,0
-1.3389900958,-1.40862462949,0
-1.35467202677,1.13356267556,3
5.06633572231,0.245017843507,1
-1.65702208556,-1.47554385772,0
-1.77990250871,-0.576231038334,0
-2.01575624424,-1.08107874114,0
4.87369908669,0.128996568042,1
5.28442754093,-0.185427351354,1
-0.741370322201,-1.49994888038,0
5.03343745961,-0.0451892622796,1
-1.79479369487,0.456650552203,3
-2.63126958589,0.352916494234,4
4.97763070058,-0.00819906560971,1
5.14914003185,-0.271242775465,1
5.30839390594,0.0926488289836,1
-1.27203342969,-1.58379566199,0
5.15427292043,0.183723476506,1
-2.32345091334,0.20329769325,3
-1.12429335045,-1.33236851847,0
5.1039642511,0.0400746280434,1
-4.98869657936,1.2226705938,2
-1.22880420163,-0.678709965329,0
6.33178649028,0.960056964898,1
-1.38406461814,1.17538812538,3
4.89636018786,0.185363453336,1
4.82285528278,-0.441210800675,1
5.13926695561,-0.0189692997113,1
-1.11679348484,0.985679081178,3
5.09363841471,0.0773733747447,1
-1.7200291461,0.835480849814,3
-0.744917814288,-1.4936511719,0
-1.86168095154,-1.46932301918,0
-1.11341174505,2.39520936626,3
5.54497510868,1.01310735651,1
-1.87621383298,-1.39507069876,0
5.1757707992,-0.151400018616,1
-1.26337618478,0.467446943837,3
-1.28548102064,-0.441550830201,0
4.86242836133,-0.0731793253478,1
4.96164884245,-0.204438452186,1
5.11294580719,0.161702650114,1
-1.5354962505,1.09215359812,3
-1.48268203371,-1.48799188388,0
5.0209472736,-0.205291884856,1
-2.13589801902,-1.54966785149,0
-1.94191497882,-1.41450095974,0
-1.55641454211,-1.10140035471,0
-1.84030134613,1.51631523941,3
-5.55320969915,1.44201605014,2
-2.17184832091,0.538001007947,3
4.68371069729,-0.5889670721,1
5.04687891689,-0.00630329450477,1
-1.5196093707,-0.835494600724,0
-1.58407271455,1.38269973253,3
-1.11186479159,0.787047557919,3
-1.85878269099,-1.46567691069,0
-5.69298723462,1.47183104784,2
-1.77246748939,-1.16928992591,0
5.09886142916,0.0494320254959,1
-2.07148148488,-1.40570504477,0
-1.47705988258,1.45427585533,3
5.01353266477,0.26644047229,1
4.89874526206,-0.282778516045,1
4.85559749084,0.120987068996,1
4.91478536963,0.148022802462,1
-1.63612904532,1.35187465082,3
-1.83573145866,-0.640284757837,0
4.71901375295,-0.095719659995,1
-1.91131706426,-1.6350762873,0
5.27680629003,0.231624593564,1
4.75750816214,-0.247597621606,1
-2.3537719324,-1.08430078284,0
4.98112198003,-0.163113659797,1
5.10000969413,0.00497571354813,1
-2.67082318922,0.506818797555,3
-1.62281545799,0.657610843567,3
-1.97546623509,0.728410597361,3
-1.71066904943,-1.6183133495,0
4.78712822908,-0.330526069515,1
-1.1342760192,2.01086148242,3
5.0608333917,0.140339589702,1
-5.28115927818,1.46176636344,2
-1.91301905298,1.199391068,3
5.1678550042,-0.0395835943971,1
5.23576358585,-0.0176531407687,1
-4.02403298619,-1.14147715353,4
-1.50107311974,-0.553567816701,0
5.01304178868,-0.343125093541,1
-5.32889754018,1.40638988021,2
5.08938630901,0.0707018885492,1
4.74150952859,-0.0603344147925,1
-2.08172581413,0.145990216143,3
4.91115736327,0.237482049349,1
5.07280886622,0.055261110442,1
-1.62134133567,-1.73656588567,0
-1.99881017102,-1.45930820566,0
5.1011110624,0.0735817378515,1
-1.99885288816,-1.41294633898,0
-1.66591459879,0.694170524122,3
-4.36166251589,-1.23485403919,4
5.15626085581,-0.13122287542,1
-5.20217451894,1.27720970558,2
5.70451119839,1.38565587668,1
5.34008946364,0.197271692633,1
4.92608158068,-0.198380435329,1
5.14990389514,-0.136351599276,1
-1.77098527764,1.29917878225,3
-1.71269354309,1.39732606345,3
-0.892761519264,2.53732388181,3
-1.86435086524,-0.0548522444493,0
-2.08962977748,-1.20391384195,0
5.15564861423,0.0408430069703,1
5.10323256456,0.00578359856195,1
-1.40980911586,1.39236188027,3
-2.05247859831,1.73582627616,3
-4.15022693762,-1.21229769909,4
-1.50796200731,1.21020518723,3
-2.56407357217,0.552683604766,3
-2.13535764925,-1.53786933783,0
-1.99686247712,0.153043883945,3
5.32296204099,-0.00783988664912,1
6.1145547347,0.978923021032,1
-5.49942370263,1.5819257278,2
-4.26053798804,-1.19377357673,4
-1.13016600239,-0.549680968811,0
-1.86427245157,0.446095097489,3
-2.48172131473,0.654349674163,3
-4.36619510815,-1.1684620597,4
5.12685967403,0.430859811911,1
-5.27336263148,1.43835739012,2
-1.89142774554,1.375053514,3
-1.74067330872,0.759233103804,3
4.83987759537,-0.293955755222,1
5.18166899422,-0.0871481285491,1
5.24148081879,-0.204523257791,1
-2.05831811849,-0.907145013345,0
-2.26709459894,0.715786836815,3
4.84241326529,0.183246676823,1
-2.21571999758,-1.12081980077,0
-5.4738368435,1.31932051079,2
-4.37382328125,-1.21841694177,4
-2.00138041507,0.980193688879,3
4.80126760145,-0.0493732275624,1
-4.25247699237,-1.22056976743,4
-1.73232142054,0.628037516218,3
-4.36368029613,-1.22357298605,4
-2.21870362278,-1.24337727147,0
-1.95941591782,0.6946190801,3
-1.73142886927,0.613680242683,3
-1.17687447511,0.654089985006,3
-5.50432844804,1.57709654934,2
-1.71133347039,-1.53789335344,0
-2.08481850241,0.844733127572,3
-2.66875331097,0.843262279798,3
-5.28176019148,1.40793847713,2
4.90980189005,0.175188020648,1
-2.63053874909,0.5617364541,3
-2.22908302118,0.537401976252,3
5.27942358266,-0.148397754498,1
5.08604820421,-0.228418827546,1
3.77886608094,-0.921252788405,1
4.88958885304,0.215625616597,1
4.64772998356,-0.145186073193,1
-1.44732540551,-1.11438315341,0
-1.11097188995,-1.84157984563,0
4.67368764742,-0.334772817359,1
4.85860335573,0.401182794353,1
-5.38998131644,1.39116884947,2
5.08304174786,-0.275284109969,1
-5.22554770284,1.34102911275,2
-2.06752657346,0.21430182719,3
-1.11535385643,-1.37575818536,0
-2.18007758198,0.561265960552,3
4.51937827675,-0.843069488745,1
-0.742595238006,-1.16601998256,0
5.01123228679,-0.0792242486451,1
4.94234169417,0.0698931301122,1
-1.35995704802,-1.58686258358,0
-1.86900067969,-1.37511275222,0
-2.16826053952,-1.41620941123,0
-1.99919844818,0.709339335139,3
5.12208201356,-0.44072248827,1
5.02929632367,-0.0813611392192,1
5.00799195062,0.272410967315,1
-2.35043975349,0.557941382409,3
4.83650804094,-0.096795445548,1
-2.21718483924,0.650202671638,3
5.03985603214,-0.2218682777,1
-5.1100317411,1.33739958257,2
-2.31358971184,-0.72854389336,0
-1.64642229214,-1.37238929537,0
4.67048108945,0.0905646604562,1
5.11483858672,-0.0484906255787,1
-1.78928041917,1.15388588491,3
5.09700227538,-0.19852616699,1
4.92239458357,-0.260035939245,1
5.16206156336,-0.146734658687,1
-2.98512174966,-0.132821740221,4
-2.26050326857,-0.730046379494,0
5.20258616253,-0.329163310749,1
-2.00816417742,-0.679271460336,0
-2.26097978053,0.41352074064,3
-2.30850625318,0.403051803286,3
-1.69757218376,-1.01155629037,0
-2.03048833542,0.353434192143,3
4.93975962362,-0.119015301154,1
5.04419223159,-0.190536530694,1
4.47437624639,1.270947315,1
-2.03388106022,-1.33668678183,0
-2.04777992222,-1.07622342654,0
-1.82377804906,-1.60428268937,0
-4.346875663,-1.26757773068,4
5.1355415599,-0.114686447166,1
4.91028264207,-0.279420391745,1
-1.9109063092,0.122525424704,3
-1.60894003462,-1.72349592159,0
-1.97742670629,-0.520068642036,0
-2.08341163552,1.28925267763,3
4.83427286247,-0.219949089301,1
-2.20255688929,0.873510521066,3
5.00454849052,-0.0886884928985,1
-5.09767548746,1.27891227495,2
5.35904566733,-0.239312322949,1
5.06244300041,-0.317058648401,1
-2.39688417559,0.231404654589,3
-2.0339160784,0.351515198763,3
-4.97496156543,1.15716529474,2
-4.29458546878,-1.23337139524,4
-2.65776535423,0.426936229842,3
-2.04075817366,-1.29749165554,0
5.30595835446,-0.171097749777,1
4.3935294858,1.0304386541,1
4.72502431365,-0.232361864458,1
5.0279784482,-0.217986574153,1
-5.00648938215,1.24947015565,2
-1.89423707716,0.74859433709,3
-2.55003153058,0.378598375431,3
-2.09022132918,-1.27097832705,0
-2.23118589867,-1.07223292816,0
-1.49971747234,-1.79612261152,0
-1.99553724534,0.263154015972,3
5.09471630484,-0.0481375906993,1
-4.41856306232,-1.24249390488,4
-1.79895861916,-1.05759072623,0
-2.33549382092,-1.06069961628,0
-1.63141516109,-0.558997226226,0
-1.99327026284,-0.968904681123,0
-2.3819172927,-1.29932605177,0
-0.774333359005,3.24831977252,3
4.86048008432,-0.342278568781,1
5.15473984268,-0.23421483677,1
-1.78047870804,-1.59106475924,0
-1.62023080336,1.3014336627,3
-2.4200357996,-1.17133959957,0
-1.7551472933,1.28975873429,3
5.10856856683,0.267813670933,1
4.46935664626,-0.970145852466,1
-1.15541438116,1.06126777897,3
-5.47930156235,1.36035394256,2
-1.948845776,-1.23520040654,0
-2.14369195066,-0.846306736676,0
-1.7203106613,1.01823777715,3
-1.66007775109,-1.70121743629,0
-2.23026481976,0.473154316565,3
-1.34024394359,0.172929177244,0
-5.61495646083,1.3698521458,2
-2.13569054552,0.389158896278,3
-2.35782169955,0.186533808082,3
-1.946300944,-0.0145612589558,3
-1.29825665096,-0.948692568104,0
-2.09016779752,0.463297502468,3
-1.0004414733,-0.965942595108,0
-2.32447315371,-0.847200741727,0
4.88134007485,-0.333156179846,1
4.71366409221,-0.360898921041,1
4.91471890357,0.0681859153339,1
-3.89887099155,-1.29397612591,4
-2.18755251309,-0.811042834024,0
-1.71872122044,-0.174164392809,0
4.67912582964,-0.171996979474,1
5.2406238323,0.00252585055428,1
-2.9523353919,-0.00578589547961,4
5.01637760058,-0.0414431760238,1
-1.57378736794,-0.969347489629,0
-4.37177214184,-1.25867481161,4
5.06500562139,-0.211789707932,1
4.66961382132,-0.286813544944,1
5.19591190664,-0.130611173815,1
-2.084526354,0.191152386755,3
4.05836810783,0.307409630236,1
5.17754738107,-0.0826069795126,1
-1.5000110222,-1.22646835704,0
5.02513443256,-0.145287822641,1
-0.54270345128,3.19547538714,3
5.2667184875,-0.154993998849,1
-5.30535239251,1.34476380718,2
5.24062855361,-0.260329818881,1
-1.88340035808,-0.731890857258,0
-3.78163943565,-0.962064526829,4
-1.34584471144,-0.496563897655,0
-2.02080125746,0.130235246213,0
-1.8767907174,-1.36925049291,0
-5.26205081227,1.29617508569,2
-2.39926743718,0.720077851711,3
5.10355917392,-0.055488600136,1
-1.69515850325,-1.56011145151,0
-1.32800739652,-1.57789034279,0
4.90751455146,-0.046332357104,1
-2.62039370555,0.73434512964,3
-5.63693249291,1.45541238194,2
-2.36895468598,1.90244774886,3
-2.11310905725,0.741463987913,3
5.15998191583,-0.221304066773,1
-2.02452335477,-0.716100962775,0
-1.11874156178,-1.469926977,0
-2.42678900566,-1.42621121367,0
-0.858374907736,-1.93843749431,0
-2.40143490617,0.487282485352,3
-1.50491293015,-1.39352441251,0
-5.13034005311,1.31763986397,2
4.94865098183,-0.132480152758,1
5.05043879268,-0.0188466652772,1
5.07007892541,-1.10668169825,1
-2.69930094559,0.531359266579,3
-2.8120620086,0.715419454648,3
4.40429014763,1.12252275804,1
-1.13969310425,-1.65768497383,0
-1.93117820373,0.331228398379,3
-4.16281839387,-1.20283608231,4
-4.10446166292,-1.22628793361,4
-2.48374253373,-1.12631951941,0
4.73671106065,-0.0251964897488,1
-2.40045899566,0.515952471212,3
-4.09362171754,-1.29914165296,4
-5.00474863842,1.30944962027,2
-5.4720964941,1.46198397417,2
-5.28861845993,1.34862943459,2
-1.98119289496,-1.46937435026,0
5.1093962922,-0.161207762575,1
-1.13964746493,0.766953644526,3
-4.54964154411,-1.13017850253,4
-1.2659149919,0.844269170029,3
-1.30051538901,-0.388879937649,0
4.90635874225,-0.230608276843,1
5.00948362961,-0.0522049197566,1
-1.58412288417,1.71061420468,3
-1.28122758168,-1.43810585785,0
-1.01698165466,-1.83626567494,0
5.05014551609,-0.0549313121851,1
-5.3375568427,1.386270673,2
-3.03799713145,-0.0631214023411,4
-5.38270734101,1.27920478359,2
4.76543739467,-0.30907847413,1
-2.96348456661,-0.0333159959573,4
0.513127703849,0.376591698258,3
5.16397834895,-0.206429770502,1
-4.3708641742,-1.19189877351,4
4.52394712012,-0.869106939316,1
5.07820307549,-0.0811274837966,1
-1.82466786284,0.112492944309,3
5.02932888541,-0.378575291502,1
5.1681157588,-0.275351332449,1
4.90724290828,0.20180433454,1
-1.78565282911,-0.594501680073,0
-1.84417708715,-1.56534567634,0
-2.05306541891,0.245943341703,3
-0.969988671721,3.05566845561,3
-0.842702414983,-1.46879479963,0
4.46728017933,-0.944646739988,1
-1.51997910173,0.458478177969,3
5.01745901193,-0.0625278145586,1
-4.46055077122,-1.24414330819,4
-5.15010040054,1.25943669058,2
4.38801319107,1.14911411597,1
-2.24455637884,-1.3920034635,0
-5.20827287097,1.3311640293,2
5.45360249257,-0.375598056428,1
-4.22483913942,-1.26788152087,4
-1.77960373751,-0.656138164438,0
-1.90154293786,-1.49891679463,0
4.61672151188,-0.0899019358418,1
4.93511636247,-0.0376502241381,1
-2.06690253457,0.185039079307,3
5.30792274299,-0.238205897219,1
4.87937444399,0.117298719821,1
4.89211163928,0.0624779933808,1
5.07872207555,-0.263076709846,1
-2.31233432334,-0.950753990543,0
4.9956909801,0.0111980560215,1
5.21065610737,-0.20534370548,1
4.81993113872,-0.0871384150222,1
4.84354009952,0.529824025984,1
-3.09195046113,0.151117725305,4
5.00066248593,-0.362341121977,1
-5.57465167339,1.50130787471,2
4.04854631802,0.260808613558,1
-1.74339897368,-0.174903936836,0
-2.27253190979,0.835689648277,3
-2.13034104955,-1.24074529314,0
2.81038948618,-0.541091180235,1
-1.79456600447,-1.56983864984,0
4.93920888429,0.0739256664753,1
-5.07430700073,1.27873635446,2
4.4830938385,1.240075918,1
-0.963883938749,-1.74546936298,0
-5.28513800408,1.39255100324,2
-1.86472615041,-1.12331168521,0
-5.21213807609,1.29430783151,2
-2.31243248133,0.344664488352,3
4.8611489078,-0.199527487183,1
-2.10376669415,-1.47781804591,0
-5.15407086063,1.22285949878,2
5.01389143272,-0.123197993624,1
4.79736571073,0.121128010139,1
-2.03357763983,0.591446877028,3
-1.25751491455,-1.84132346993,0
-2.13243883512,-1.27360537438,0
-5.35156582491,1.44810045194,2
5.17811111764,-0.20479521038,1
5.02761988372,-0.119108722106,1
4.6737145529,-0.00120774173775,1
-1.49543334651,-1.67736680938,0
-2.07824585617,-1.32533797562,0
-1.85548541181,-1.39999655819,0
4.38207431933,1.0374185013,1
5.10980734079,-0.178405262642,1
-2.18188893114,0.432797969346,3
-1.54568561577,1.17252265298,3
4.50989879202,1.2910064205,1
-2.29056973577,-0.558472309004,0
-4.18308933566,-1.27627133159,4
-2.59186353496,-0.95631112443,0
-2.06093971538,-0.779204032752,0
-1.34738221279,2.08578334896,3
-1.83891983197,-0.348845948547,0
4.66290360569,-0.0520793819957,1
-1.4629594739,-1.62627008367,0
4.96895344145,0.282142287506,1
-1.77168286103,-0.841384831016,0
-1.95683666514,-1.26331432399,0
-2.27217695103,1.53360085893,3
-1.36846445749,-1.83479762898,0
-1.95204324894,-1.02822627255,0
-1.87913582106,-1.05295681386,0
5.04967301792,-0.0140969628282,1
5.15643610108,-0.228202622868,1
-1.21060642591,-1.255984908,0
-1.82566665628,-1.13986694408,0
-2.24322144433,0.86273576288,3
-1.45993886055,-1.84058415965,0
4.93319668142,-0.0750740550945,1
-1.83863521828,1.08769515479,3
-3.89219608167,-1.23716939964,4
4.41412888577,1.05909644855,1
-2.49172488317,0.52187972341,3
-2.51335237609,0.344191191237,3
-1.50516894739,-0.238715549769,0
-1.89644473031,0.571601801048,3
-5.37704695589,1.38317479445,2
-1.57174210049,1.04381475973,3
4.70388559623,-0.0432242112224,1
-1.95346218045,-0.597756307024,0
5.20035004666,-0.0759508842034,1
-5.11209698729,1.25423917514,2
-5.44381832116,1.36671721884,2
-4.44436022947,-1.15795034698,4
5.01277076871,0.0148747987998,1
-2.11377624135,-0.901906351785,0
-2.03535516766,0.432879317161,3
-0.483725866308,3.09319884909,3
-1.43698654236,-0.219506434727,0
-2.44077258818,0.397620236109,3
5.09213254944,-0.172534044718,1
-1.91733578114,-1.37866174434,0
-1.98094363588,-1.5214398964,0
5.00239671901,-0.10203921115,1
-1.71929584852,-0.672469895485,0
-0.701844413108,-1.78631898606,0
-2.06165333986,0.23131491832,3
-5.20860150465,1.27271107479,2
-2.23814965018,-1.09804152385,0
-2.14619069653,-0.621067865447,0
-2.17694742263,0.72226198056,3
-2.10096012165,-0.592535756261,0
-2.02707763272,0.620921587851,3
-1.5293763362,0.650514525627,3
-1.14654256295,0.556662741745,3
4.76063396688,0.00655209687142,1
4.9487385352,0.114547679913,1
-2.52283105038,-0.919124500074,0
-2.13249419975,0.829946687148,3
-4.29368081538,-1.26664364588,4
4.9951696101,-0.131225711294,1
-1.82570344869,0.168182956672,3
5.25099523173,-0.285911079371,1
-1.30676885094,-1.24536325719,0
4.58702047347,-0.169131979951,1
-4.57984667217,-1.15660527925,4
-2.07972143356,0.871402451223,3
-2.28283613039,0.334476131901,3
-2.20687873555,-0.891463398623,0
4.91167857681,-0.0544878405671,1
4.98351138469,-0.102914073061,1
-2.433484021,0.542976927244,3
5.06284251549,-0.0990616068754,1
-1.82523342393,0.486116387574,3
-2.22324269948,-1.40980613271,0
5.95996685544,1.39722092738,1
4.908614178,0.0232631931767,1
-1.59742412075,-0.409114812637,0
-1.7159553179,-0.334979424245,0
-1.90477396712,-1.02017275568,0
-1.78582815593,0.422118587283,3
4.99706748094,-0.103514592087,1
-2.20103085991,1.43838888066,3
5.10802763403,-0.238012809901,1
-4.02443801397,-1.30766340772,4
-5.06375035038,1.30720504475,2
-5.55173394555,1.50136950582,2
4.89147464722,0.141733698601,1
-1.82792413136,-1.0913152974,0
-2.12546540763,-0.777064121904,0
-2.46307132088,0.534562556145,3
-2.35360268094,-1.07906841522,0
-4.50602892366,-1.22687372305,4
-2.07630719133,1.185444674,3
-1.31909312725,-1.80196163214,0
4.42849284581,1.16869239014,1
-1.98294836161,-1.48522265158,0
4.39819649511,1.07574078772,1
-5.4421357815,1.40705245386,2
5.04151762984,-0.127348278419,1
5.10727767648,-0.417235414611,1
4.97627050076,-0.224052160249,1
-2.30485630455,0.613116116461,3
-1.72318302852,-1.48916983566,0
-2.33890248915,-1.1937751181,0
-1.60367280103,0.379659542443,3
5.54523169459,1.54983538984,1
5.1154295927,-0.420047770165,1
-5.52528533332,1.57106343668,2
-1.78150584954,1.0133980636,3
4.38129241181,1.10950502832,1
5.01252818577,-0.0337979643941,1
-0.677882056607,-1.83936812472,0
-1.60694694805,1.55937369264,3
-2.12469623816,0.506569924606,3
4.9181487511,0.218561933519,1
4.70267117296,-0.145019939289,1
-1.41415434773,-0.589874642839,0
-1.43930833441,1.3949513489,3
4.45900623154,-1.06675511277,1
-2.0683237514,-1.3245537534,0
5.29917851074,-0.279521440652,1
-1.74396920828,0.183776212904,3
-2.0951570656,-0.542127370587,0
4.75250320311,-0.295134829886,1
-1.62148138206,-1.50861440301,0
4.90484683308,-0.308251020721,1
5.36506541006,-0.254783032703,1
-4.53283331629,-1.19754347155,4
4.94906975298,-0.160223855123,1
5.02682851183,-0.118727014846,1
-5.5659689746,1.45338178225,2
-2.88972667418,0.000504950992026,4
-1.04168183111,0.882618529806,3
-4.34081944052,-1.2420371783,4
-2.27409037159,-1.02357300149,0
5.12394310006,0.46199748178,1
-2.18683487583,-1.51465267695,0
-1.12745472748,0.90327632092,3
-1.25105009413,0.878702797056,3
-1.84529550882,-0.932678864067,0
-4.07237116654,-1.26986905245,4
4.93490858702,-0.0892979985798,1
-2.98979816098,-0.138903846972,4
-1.99223453211,-1.05429647728,0
-1.9323312483,1.63222621635,3
5.24521583569,-0.119149482035,1
-2.41838475196,0.80698647385,3
5.1804146667,-0.447946737145,1
-2.50298121927,0.588669717937,3
-2.05668118958,1.26081896578,3
4.62250968779,-0.490742717932,1
-5.05430957479,1.20403052837,2
5.08063049976,-0.0609048713064,1
-2.04259920905,0.36822587491,3
4.81654478088,0.0484967232203,1
5.14918741421,-0.236017256637,1
-0.798173675968,-1.82812527493,0
5.09316535132,-0.181828691048,1
5.18065382581,-0.325863036134,1
-1.42890556524,1.38874763682,3
-1.57622523074,-1.58239236314,0
-4.43778994886,-1.24846089478,4
5.21191287825,0.080603669398,1
-5.11015530174,1.31819342325,2
4.43271176832,1.14452921572,1
4.91921370279,-0.264996056954,1
-1.01130999055,-1.83298363773,0
5.1212342894,-0.119637251646,1
4.9085911123,-0.0988826986916,1
5.22142468911,-0.00927943044131,1
4.90241461703,-0.0327266099829,1
-4.31039786181,-1.29148133622,4
5.02238215615,-0.103040168003,1
-5.47893925141,1.41848401,2
-5.04614053741,1.3116671176,2
4.98442344007,-0.143561865978,1
-2.22142634263,-1.12137424788,0
-4.39602419008,-1.22307366821,4
-1.73977939943,0.765612634015,3
-1.89254104279,-1.53688758198,0
-1.426657855,1.49166940753,3
-4.31714338932,-1.24179190869,4
4.68218032672,-0.0559295601353,1
-0.604056211474,-1.69190138079,0
5.06454788408,-0.152169127799,1
-2.26840216268,-1.25317315824,0
-1.47940385917,1.26372739159,3
-2.04510859386,-1.16633004174,0
-4.10928608355,-1.28462323223,4
-3.04803003829,0.127175438704,4
-0.939951088971,2.98573500348,3
-5.61600114023,1.4886723458,2
4.61787800721,-0.194071628678,1
4.8505702368,0.0912850759754,1
5.13739907677,-0.300605974768,1
-2.2965173391,-0.889496164067,0
-4.23733990548,-1.22714566042,4
-4.44611326868,-1.20167571275,4
-1.24656985995,-0.746205034597,0
4.77796031943,-0.0712644938036,1
-2.30768449673,0.347756812082,3
-1.95510204553,-1.61876913546,0
-2.44212784076,0.732583866696,3
5.26710012403,-0.437676547206,1
-1.92109961657,-0.972040098565,0
-2.01476862341,0.0914548883746,3
-1.40866644544,-1.22819491693,0
-0.903926955911,-0.803245543891,0
-2.08764780869,-1.30059390333,0
-2.50097379922,-1.29724752678,0
5.22988280195,-0.248875272172,1
-2.23235039756,-1.23638895988,0
4.99772161111,-0.107175191159,1
4.92581592093,-0.185758161292,1
-1.44661322104,1.66396844943,3
-2.28678958574,2.00873073231,3
-4.73577926843,1.04068328488,2
-1.33357395195,0.328042241725,3
-1.61636999354,0.848792755618,3
-2.36875578336,0.475676586873,3
-1.64119733299,-0.71122406115,0
-5.23312966189,1.3693210872,2
4.95133446003,0.0686827991896,1
-2.53946155665,0.372513481515,3
5.10849949696,-0.238405438807,1
-4.39372065596,-1.14997024002,4
4.82309642939,-0.0428517512234,1
4.59253081403,-0.124275067957,1
-4.19200961687,-1.1903754147,4
-1.77756610254,-1.26900914289,0
-1.15340944092,-1.62166144449,0
-2.04266077331,-1.38842057042,0
-2.17257615917,-1.41870470035,0
5.19786043286,-0.383887371409,1
-1.54309538841,1.36693915688,3
-0.96087797594,-0.742255069022,0
-2.02839245476,-1.28909120867,0
-2.04750817457,1.17327243402,3
5.15612549807,-0.105126081823,1
-1.10109506956,-0.519228351174,0
4.79529000412,-0.259788033205,1
-1.42383535311,0.252387846633,3
-2.26229600434,-1.07035003235,0
5.14940316258,-0.133201494717,1
5.24493476397,-0.346681815825,1
-2.34093287837,-1.37436128156,0
-2.23192911519,0.242807349896,0
4.97083088154,0.0292198738243,1
-5.65014536191,1.36775495445,2
5.05300987753,-0.147492555092,1
5.05986749878,-0.0854988595755,1
-1.55601265547,-0.274104017949,0
-2.97388752268,0.145449016897,4
-2.63864654306,0.852335297426,3
4.94793502227,-0.0687227692105,1
4.95041577082,-0.460243358622,1
-4.32467566655,-1.23621081655,4
-1.99874938827,-0.823952988964,0
4.80163517757,-0.438235004227,1
4.74170001468,-0.193369311609,1
5.16089622534,-0.104954267168,1
5.08600699014,-0.157765535385,1
4.78232227393,-0.324334196055,1
-4.15424185113,-1.25274730922,4
-2.30102284971,-1.26264807615,0
-2.11805348012,0.984860671851,3
-2.16028005492,-0.713703519887,0
-1.22344010713,-1.83339498121,0
-2.47083560599,0.863566392732,3
-2.42524568534,-0.958558773489,0
-4.02583142937,-1.29646264879,4
-1.84601668074,-1.39356606616,0
-5.59092013387,1.39060549048,2
-4.45495852155,-1.210841713,4
-2.55343969761,0.631417049362,3
4.88155356304,0.0122722134396,1
4.54513391925,-0.811687866937,1
4.93725475866,-0.0904592064661,1
-1.77494249527,0.605289027942,3
-2.02631252803,0.235724044124,3
-4.46224826853,-1.09859056104,4
-5.69155965532,1.48795560702,2
-1.65153134591,0.291246549983,0
-1.89704980132,0.211176629044,3
-5.50928824933,1.43437410207,2
5.22911275309,-0.136670933938,1
-2.05325690134,0.35542105688,3
5.09137531159,-0.18188504705,1
4.82595142945,-0.196920103738,1
-5.31012799087,1.46143604427,2
5.04876742796,-0.145724083775,1
-3.83721512847,-1.00346135873,4
5.06330179563,0.0900909802278,1
-0.741150128067,2.80790927095,3
-4.98530538143,1.1517252026,2
-0.890384882495,3.31235063199,3
-1.11158186334,-1.86736289616,0
-1.84287488138,-1.265479735,0
-5.26113909694,1.37414378191,2
-1.99403472631,0.235237510911,3
-1.90301370863,-1.46125189078,0
4.91158213595,0.13706733502,1
-1.38671646449,0.6726097477,3
-2.65083708723,0.394019446669,3
5.13213742357,-0.0496376015355,1
-2.27702783244,-1.44143211778,0
-5.31609598357,1.33196775018,2
4.49957069906,-0.612223934576,1
-2.22445901566,0.466608962501,3
-4.36519722604,-1.21928779842,4
-1.79785081773,-0.522907342878,0
-2.25715635852,0.38087594703,3
-3.85355806604,-0.921655857155,4
5.02410449103,0.0745171264786,1
-2.50175429555,-0.993973298793,0
-1.25112589039,-1.01172600862,0
-1.21406431234,-0.387352425261,0
-1.2281919001,-1.56536687807,0
4.97979445455,-0.0955765806059,1
5.36515636621,-0.289894992741,1
4.43631580409,1.24379465657,1
4.82790348176,0.0660466947917,1
-5.12713313625,1.24755685492,2
5.15240249161,-0.00150812616931,1
-2.17675105297,0.613773635166,3
-1.62716613393,0.635876944454,3
-5.19408616349,1.27390106698,2
-1.9393686199,-1.18754499442,0
-4.20306669188,-1.11203180872,4
-1.25475547515,-1.39100962806,0
-2.74671703508,0.450468540286,3
-1.49942960928,-1.52203752896,0
-5.26385742228,1.33635108602,2
-2.03714948332,-0.741698599747,0
-4.18263325417,-1.19696105808,4
5.0478217554,-0.131005076958,1
-2.26818003483,-0.658764521067,0
-1.61351668494,1.26714345764,3
4.36478831449,1.14668415129,1
-4.94031693795,1.1653608156,2
-1.13932171294,-0.703049274694,0
4.87455864935,-0.0673644596551,1
-5.40022475801,1.44498765655,2
4.74049910326,-0.438090202762,1
-4.17630791649,-1.23404567518,4
-1.49756487088,0.778754159592,3
4.77065838568,-0.274268966683,1
5.08249797343,-0.0700670543306,1
-2.26835565923,0.452803459018,3
-1.64850699647,0.792292904383,3
5.06270036727,-0.160580826227,1
-1.73212910685,-0.693684340162,0
-1.64079193769,1.3231519685,3
-1.74979113424,0.870122435499,3
-4.05752049424,-1.29366497052,4
-1.72285291046,1.40032420229,3
-1.40907695414,1.08091343284,3
-5.19128245014,1.3168311004,2
5.15687803115,-0.251909907981,1
4.98622179426,-0.054826982899,1
5.18321330302,-0.292216826294,1
-2.57957706955,0.778282268113,3
-2.44335901647,-1.06620490041,0
-0.551320964277,3.17221234579,3
-3.01217651734,-0.2243784883,4
-4.16649746454,-1.27869402869,4
-1.89192407798,0.291447489936,3
-4.09185658099,-1.12675721073,4
-5.50208128364,1.46330691781,2
-1.72797231775,-1.48943738554,0
5.11465769089,-0.209450153023,1
4.9002059386,-0.146021638646,1
-2.70565486572,0.646621507666,3
-4.4493454828,-1.16600504336,4
-1.79149846138,0.654245082303,3
-5.31660824003,1.39426604734,2
-1.93911408503,0.0974383686539,3
-5.01186947497,1.24398549521,2
4.8156868902,-0.183006985735,1
-1.67802070012,0.585496514491,3
-2.14857115477,-1.34469993378,0
-2.00596170521,-1.27784028128,0
-1.00839786927,-0.148392588238,0
-1.94702651581,0.478978658961,3
-1.5591240983,1.23234364508,3
5.17565676211,-0.190881509059,1
-2.0692150196,0.321042038219,3
4.9988349033,0.219667506819,1
-1.66278499254,-1.56316981902,0
-2.04676840259,-1.55463410924,0
5.16891778182,-0.176191131928,1
-4.1087931409,-1.29097040409,4
-4.09033163161,-1.28148630583,4
-0.799188418693,0.975389413623,3
-5.54412412173,1.44312727985,2
4.91661039874,-0.0970440879721,1
5.07748465123,0.31912929927,1
-5.11593224145,1.20994014446,2
-1.62992051751,-1.45600500744,0
-1.47245800331,1.61201442041,3
-1.49391760046,0.708884095647,3
4.96827206579,0.0113378506606,1
-4.87194502982,1.18709846755,2
5.01011029773,-0.152685856568,1
-2.03001854723,-0.953732567102,0
5.01100744114,-0.499427720496,1
5.23225658309,-0.0287190496028,1
-1.36890374385,0.584293048016,3
-2.4952982054,-1.28689443184,0
5.39833670803,-0.275403734575,1
4.67648485428,-0.22306267536,1
4.99944619343,0.0363960955245,1
5.07128457553,-0.151114183919,1
-1.42601960505,-1.52920343779,0
5.25160855902,-0.0459537319992,1
-2.05475078175,-0.824431432868,0
4.91316585686,-0.122279076155,1
-2.02805257902,0.978453496667,3
-2.36419597087,-0.95502823992,0
4.43780238108,-1.0547454352,1
-2.11257298352,-1.45225528643,0
4.9698273438,-0.0319287918206,1
-5.20214690353,1.39642919123,2
-1.99983840347,-0.29156842424,0
5.08669570718,-0.418109586606,1
-5.67926680338,1.43643806207,2
-5.48232931907,1.48717904288,2
4.93339088487,0.124800486224,1
4.71675776485,0.0445131716241,1
-1.89553107024,0.385559699164,3
4.44597543063,1.12490254785,1
4.85269193835,-0.18223108458,1
-3.06337104216,0.165967328245,4
-0.992116899659,-1.40464474862,0
5.14755913445,-0.244105735781,1
-4.13973228751,-1.2739718741,4
-1.76262768305,-0.957005769239,0
-2.07569747257,-1.49032139205,0
-2.3495859806,1.21691500301,3
4.97192785545,0.0235086974845,1
5.03969213872,-0.169970807491,1
4.4501421425,1.23949689703,1
-1.51308468155,-1.28582935372,0
5.11809835965,0.423094372048,1
5.12880559688,-0.190933903159,1
-2.06497398461,-1.39396351078,0
-2.12364074398,-0.783174399425,0
-4.11054315343,-1.2758494862,4
-5.26644786977,1.2784465016,2
-1.33156668826,-1.55558656554,0
-4.31414895415,-1.22718926752,4
5.01063745342,-0.120351182908,1
-2.47227519855,-0.845761187944,0
-2.16511354751,-1.51883074863,0
-4.22213379336,-1.28122115338,4
5.40391388851,1.47636843145,1
-5.24099490243,1.28745015272,2
-1.82535310693,-1.05074917522,0
-4.31096275141,-1.20129209201,4
-1.87501905309,0.048472927042,3
-0.933460614305,1.14659262828,3
4.86826068197,-0.0265697148198,1
-3.74621066878,-0.927171498041,4
-1.79229183846,0.290787380736,3
-0.605331813698,-1.48470527922,0
-1.60676632753,-1.49201007046,0
-1.69193548544,0.575950618829,3
-1.94727885976,0.106996537754,3
5.02422427041,-0.111998469647,1
-1.89714103277,0.352393679979,3
-4.19520132388,-1.2462597239,4
-2.15952810232,0.392657944846,3
4.88039134384,-0.0833994523283,1
-1.9327897561,0.462030796736,3
-0.835660736852,3.24772059927,3
4.63487117003,-0.115842923073,1
-1.31878733036,0.84031643679,3
4.78574622252,-0.12747595319,1
-1.84441310152,-0.15304834237,0
-1.94705673702,-1.5006291108,0
-1.94470711611,0.302820241523,3
5.22859576789,-0.192266098322,1
5.0871755379,-0.121664012924,1
-4.14940271392,-1.28615704598,4
4.35352267352,1.17250256292,1
-4.27584607973,-1.22222565909,4
-1.22881683152,0.921517497985,3
-2.19678432237,0.352678832916,3
-5.54401976071,1.44765101289,2
-5.1181987071,1.23855038348,2
4.79626673361,-0.235145968426,1
-1.60550893895,-1.51772407514,0
-4.471179241,-1.14014706273,4
5.18846172462,-0.239442653551,1
-1.78619334344,1.09707076802,3
-5.32224135921,1.37679016347,2
-1.78428926585,-1.30221948736,0
5.10064751055,-0.182549338785,1
-4.28372864376,-1.25299716878,4
-2.10164846497,1.26200960769,3
4.85045685556,-0.331694152829,1
5.68095197548,0.360460746998,1
-2.11428688231,-0.783636297017,0
4.67513138224,-0.0500654430502,1
5.06206012792,-0.0223248625951,1
4.81990593563,-0.135046352092,1
-1.5817363297,-1.30049457798,0
4.47172461459,-0.889655386797,1
-1.93796510452,1.20183944662,3
-1.80058251491,0.0612696486605,3
-1.68425237124,-1.3629784418,0
-2.63593676631,0.677169709452,3
4.45243926388,-0.99916906743,1
-2.07574638131,0.758256184144,3
-2.21794082495,-1.50071406525,0
-1.09346936964,-1.60448781071,0
-0.904972602239,0.353588754404,3
-1.38308709711,0.585422137463,3
4.61470973891,-0.685062684623,1
5.06025001999,-0.0926544326794,1
-2.35917047317,0.273373328944,3
-5.60997117672,1.49730494218,2
-4.20720213949,-1.18252362173,4
-4.62170319066,-1.18633237553,4
-5.24450765708,1.35942988756,2
-4.81215336251,1.10803519708,2
-1.84575463041,1.60094818459,3
-2.59288921202,0.760027023739,3
-1.98043990694,-1.18329191182,0
-3.86743756108,-1.18235657868,4
5.05838464013,-0.0382136611044,1
-1.14749948291,-1.47625419637,0
-2.38352998523,0.184921449967,3
-1.94297697307,-1.17929293994,0
-4.24141568411,-1.29901055489,4
-5.54239454578,1.38947512961,2
-1.93297260841,-1.50204829792,0
-1.87279587463,0.510450204422,3
-1.6297526989,1.32573024636,3
-2.2316571021,0.0625172049588,3
5.02323923417,-0.159817558755,1
4.46286839967,1.13372796622,1
-4.3922685601,-1.15992656522,4
4.696513582,-0.097791101136,1
-1.68162920144,1.57185078089,3
-3.99198027138,-0.978117819327,4
-4.47197363611,-1.23660411549,4
4.65759801787,-0.208974897458,1
-5.27559805793,1.42384204241,2
5.02153184628,-0.375928636339,1
4.43017468019,1.10214908746,1
4.90488910665,0.0670823125492,1
-0.479654232642,2.96025474918,3
5.74773638532,1.67769173735,1
-1.89975314442,0.453257727107,3
-1.71982698961,0.445883964836,3
4.99198747266,-0.344892689045,1
4.97884981549,-0.0271941353967,1
-1.97444743579,0.725135196876,3
-0.372832746601,-1.04217207597,0
4.81987571394,0.127345270156,1
-0.891538272172,-1.94602317213,0
5.02911557993,-0.0286999803989,1
-3.0103107953,-0.222635990421,4
-1.336228338,-1.22238605887,0
5.36235582199,-0.0744798586525,1
4.9915423838,-0.0268861851793,1
4.87980771532,0.13992073767,1
-1.7418203701,-1.16452504041,0
5.07610837213,-0.191495269788,1
-1.55190477441,1.0238196969,3
-2.0172839021,-1.04217524448,0
-1.9910182156,-0.937994631484,0
5.4662639154,1.46871578313,1
-1.63906603169,-0.991360039325,0
5.23570952272,-0.199409816873,1
-2.17584992632,-1.2859404709,0
4.71859399005,-0.0577986052785,1
-1.94442320682,-1.43403283973,0
-1.50743821376,0.516593598078,3
-3.80601754737,-0.758315274669,4
4.6148525541,-0.468611811624,1
-2.05235086343,0.176395552833,3
-1.97873724882,-1.63373588989,0
5.08139662588,-0.0605471422644,1
